{"Synthetic": {"test_0001_method chains": {"time": [1.1457529999315739, 1.1184830002021044, 1.0345429999288172, 0.970792000181973, 1.0007500001229346, 0.9945080000907183, 0.9836420000065118, 1.0189640000462532, 0.9818120000418276, 0.984546999912709, 0.9615080000367016], "size": 10, "branches": 1, "specs": 2, "components": 164, "median_time": 0.9945080000907183, "time_siqr": 0.022013249981682748}, "test_0001_branching": {"time": [2.672880999976769, 2.4929639999754727, 2.5496799999382347, 2.5849269998725504, 2.501276999944821, 2.7006950001232326, 2.7273490000516176, 2.499290999956429, 2.5442319998983294, 2.701435999944806, 2.673187999986112], "size": 17, "branches": 2, "specs": 3, "components": 165, "median_time": 2.5849269998725504, "time_siqr": 0.08209350006654859}, "test_0001_lvar": {"time": [0.34758100006729364, 0.37104299990460277, 0.4495749999769032, 0.30987300002016127, 0.33574599982239306, 0.3449910001363605, 0.4001730000600219, 0.34242399991489947, 0.3203330000396818, 0.3305429997853935, 0.3316260001156479], "size": 4, "branches": 1, "specs": 1, "components": 164, "median_time": 0.34242399991489947, "time_siqr": 0.014113750017713755}, "test_0001_false": {"time": [0.34736800007522106, 0.3668690000195056, 0.3613400000613183, 0.42077399999834597, 0.3381930000614375, 0.3307070001028478, 0.3953170001041144, 0.34267499996349216, 0.37265599984675646, 0.34269599989056587, 0.3411720001604408], "size": 4, "branches": 1, "specs": 1, "components": 164, "median_time": 0.34736800007522106, "time_siqr": 0.01391949993558228}, "test_0001_fold branches": {"time": [87.72349799983203, 87.03125900006853, 85.82635700004175, 84.83327499986626, 85.30689200013876, 89.69938599993475, 87.41382000013255, 82.20005899993703, 87.52157100010663, 88.03073699981906, 86.07147600012831], "size": 13, "branches": 1, "specs": 3, "components": 164, "median_time": 87.03125900006853, "time_siqr": 1.0279549999395385}, "test_0001_overview example": {"time": [13.420283999992535, 13.28215799992904, 13.389385999878868, 13.15912099997513, 13.232637000037357, 13.181979000102729, 13.285541000077501, 13.166605999926105, 13.344610000029206, 13.334804999874905, 13.235183000098914], "size": 72, "branches": 3, "specs": 3, "components": 164, "median_time": 13.28215799992904, "time_siqr": 0.0661997499410063}, "test_0001_user exists": {"time": [0.9813650001306087, 1.0877189999446273, 1.0061480000149459, 1.1397200000938028, 0.9716050000861287, 1.0512619998771697, 1.0372630001511425, 1.0596969998441637, 0.9634190001524985, 1.016992999939248, 1.031599999871105], "size": 9, "branches": 1, "specs": 2, "components": 164, "median_time": 1.031599999871105, "time_siqr": 0.03086149989394471}}, "Gitlab": {"test_0001_issue#close": {"time": [0.8821990001015365, 0.7814060000237077, 0.81497299997136, 0.7841809999663383, 0.7613979999441653, 0.8061530000995845, 0.8380890002008528, 0.8022449999116361, 0.7279730001464486, 0.7917299999389797, 0.7727140001952648], "size": 15, "branches": 1, "specs": 1, "components": 166, "median_time": 0.7917299999389797, "time_siqr": 0.016751499962992966}, "test_0001_issue#reopen": {"time": [3.780635999981314, 3.8377549999859184, 3.784216000000015, 3.779837999958545, 3.7546989999245852, 4.092297999886796, 3.9115240001119673, 3.8098039999604225, 3.6121280000079423, 3.881188000086695, 3.824615999823436], "size": 17, "branches": 1, "specs": 1, "components": 166, "median_time": 3.8098039999604225, "time_siqr": 0.03961725003318861}, "test_0001_discussion#build": {"time": [0.2645380001049489, 0.2690119999460876, 0.2340269999112934, 0.24104500003159046, 0.2517119999974966, 0.25174099998548627, 0.2628309999126941, 0.2582519999705255, 0.27927999990060925, 0.2529029999859631, 0.24150500004179776], "size": 18, "branches": 1, "specs": 1, "components": 167, "median_time": 0.2529029999859631, "time_siqr": 0.008537999994587153}, "test_0001_user#disable_two_factor!": {"time": [0.28249299991875887, 0.27343699987977743, 0.26869199983775616, 0.24745699996128678, 0.23151499987579882, 0.24785499996505678, 0.2504340000450611, 0.2924049999564886, 0.2576079999562353, 0.26576299988664687, 0.2773039999883622], "size": 22, "branches": 1, "specs": 1, "components": 164, "median_time": 0.26576299988664687, "time_siqr": 0.013112999964505434}}, "Discourse": {"test_0001_unstage user": {"time": [53.19113499997184, 49.962807999923825, 51.03456100006588, 52.75000500003807, 53.111491000046954, 54.22003600001335, 52.5894589999225, 50.94369100010954, 51.02325000008568, 51.87769599980675, 51.98671400011517], "size": 31, "branches": 2, "specs": 3, "components": 164, "median_time": 51.98671400011517, "time_siqr": 0.9509212499833666}, "test_0001_check_site_contact_username": {"time": [54.471973000094295, 55.86048399982974, 53.62816100008786, 57.36569399992004, 53.83926299982704, 56.00183399999514, 54.242127999896184, 54.336853000102565, 54.81870900001377, 53.75981199997477, 56.17550799995661], "size": 28, "branches": 3, "specs": 5, "components": 168, "median_time": 54.471973000094295, "time_siqr": 0.9452317500254139}, "test_0001_activate": {"time": [9.910354000050575, 9.431976000079885, 9.497188000008464, 9.472670000046492, 9.186538999900222, 10.043139999965206, 9.85920499986969, 9.446682000067085, 9.45102300005965, 9.414639999857172, 9.281869000056759], "size": 28, "branches": 2, "specs": 2, "components": 170, "median_time": 9.45102300005965, "time_siqr": 0.12744424998527393}, "test_0001_clear_global_notice_if_needed": {"time": [2.316342999925837, 2.180291000055149, 2.2530580000020564, 2.188095999881625, 2.1223989999853075, 2.2170580001547933, 2.26836400013417, 2.15285800001584, 2.1796719999983907, 2.101970999967307, 2.1958629998844117], "size": 24, "branches": 3, "specs": 3, "components": 169, "median_time": 2.188095999881625, "time_siqr": 0.03439650003565475}}, "Diaspora": {"test_0001_pod#schedule_check_if_needed": {"time": [2.507393999956548, 2.4637109998147935, 2.520031999796629, 2.550418000202626, 2.4271770000923425, 2.5096419998444617, 2.599637000123039, 2.587630999973044, 2.5548010000493377, 2.649855999974534, 2.5460099999327213], "size": 19, "branches": 2, "specs": 3, "components": 161, "median_time": 2.5460099999327213, "time_siqr": 0.03134900005534291}, "test_0001_invitation_code#use!": {"time": [4.353374999947846, 4.622588000027463, 4.4050569999963045, 4.432921000057831, 4.58009700011462, 4.443326999899, 4.610112000023946, 4.432013999903575, 4.269146999809891, 4.331062000012025, 4.219870999921113], "size": 12, "branches": 1, "specs": 1, "components": 165, "median_time": 4.432013999903575, "time_siqr": 0.08474675001343712}, "test_0001_user#confirm_email": {"time": [7.747252999804914, 7.675050999969244, 7.540387999964878, 7.805278999963775, 7.5708850000519305, 7.713286000071093, 7.769837999949232, 7.435948000056669, 7.564785999944434, 7.479179000016302, 7.668624999932945], "size": 31, "branches": 3, "specs": 7, "components": 166, "median_time": 7.668624999932945, "time_siqr": 0.08884124999167398}, "test_0001_user#process_invite_acceptence": {"time": [2.717016000067815, 2.7258729999884963, 2.6398110000882298, 2.9411470000632107, 2.8279240000993013, 2.758737999945879, 2.8867439997848123, 2.7219610000029206, 2.83769499999471, 2.6968440001364797, 2.756212999811396], "size": 12, "branches": 1, "specs": 1, "components": 165, "median_time": 2.756212999811396, "time_siqr": 0.0566605000058189}}}