{"Synthetic": {}, "Gitlab": {"test_0001_issue#reopen": {"time": [45.66457199980505], "size": 8, "branches": 1, "specs": 1, "components": 166, "median_time": 45.66457199980505, "time_siqr": 0.0}, "test_0001_issue#close": {"time": [0.3694050000049174], "size": 8, "branches": 1, "specs": 1, "components": 166, "median_time": 0.3694050000049174, "time_siqr": 0.0}}, "Discourse": {}, "Diaspora": {"test_0001_user#process_invite_acceptence": {"time": [0.8538250001147389], "size": 9, "branches": 1, "specs": 1, "components": 165, "median_time": 0.8538250001147389, "time_siqr": 0.0}}}