{"Synthetic": {"test_0001_overview example": {"time": [15.27521499991417, 15.234432000201195, 15.1345989999827, 15.177691999822855, 15.091457000002265, 15.206298999954015, 15.25987199996598, 15.110276999883354, 15.236404000082985, 15.150622999994084, 15.385132000083104], "size": 72, "branches": 3, "specs": 3, "components": 164, "median_time": 15.206298999954015, "time_siqr": 0.052763500018045306}, "test_0001_false": {"time": [0.34706999990157783, 0.301782000111416, 0.3634440000168979, 0.3267370001412928, 0.32939199986867607, 0.37507200008258224, 0.3492120001465082, 0.3607570000458509, 0.35275600012391806, 0.3513100000564009, 0.36003499990329146], "size": 4, "branches": 1, "specs": 1, "components": 164, "median_time": 0.3513100000564009, "time_siqr": 0.01108250004472211}, "test_0001_fold branches": {"time": [86.4632129999809, 85.06879900000058, 88.2333880001679, 87.655257999897, 86.02728100004606, 88.59862899989821, 86.95007400005125, 85.23765000002459, 88.54475799994543, 89.64226400014013, 88.94722900004126], "size": 13, "branches": 1, "specs": 3, "components": 164, "median_time": 87.655257999897, "time_siqr": 1.1632232499541715}, "test_0001_branching": {"time": [2.651918000075966, 2.6550699998624623, 2.5410390000324696, 2.5027990001253784, 2.5141389998607337, 2.5732850001659244, 2.5097679998725653, 2.6404449997935444, 2.5648460001684725, 2.534191000042483, 2.568007000023499], "size": 17, "branches": 2, "specs": 3, "components": 165, "median_time": 2.5648460001684725, "time_siqr": 0.04135000001406297}, "test_0001_method chains": {"time": [0.9927809999790043, 1.0677949998062104, 1.0501699999440461, 0.9812639998272061, 1.0090030001010746, 0.9994359998963773, 1.1087720000650734, 1.02863399987109, 1.035575999878347, 1.0844610000494868, 0.9860219999682158], "size": 10, "branches": 1, "specs": 2, "components": 164, "median_time": 1.02863399987109, "time_siqr": 0.03143699996871874}, "test_0001_lvar": {"time": [0.33822999987751245, 0.3557560001499951, 0.32920100004412234, 0.4133460000157356, 0.3970970001537353, 0.3569569999817759, 0.40209700004197657, 0.3693180000409484, 0.36368599999696016, 0.3620279999449849, 0.34894099994562566], "size": 4, "branches": 1, "specs": 1, "components": 164, "median_time": 0.3620279999449849, "time_siqr": 0.01542950002476573}, "test_0001_user exists": {"time": [1.0134719999041408, 1.0025859999004751, 1.0168329998850822, 0.9873999999836087, 1.0582269998267293, 1.0402379999868572, 1.0072860000655055, 0.9816900000441819, 1.0021219998598099, 1.1188489999622107, 0.9701610000338405], "size": 9, "branches": 1, "specs": 2, "components": 164, "median_time": 1.0072860000655055, "time_siqr": 0.016887250007130206}}, "Discourse": {"test_0001_check_site_contact_username": {"time": [44.137942999834195, 43.48399000009522, 43.73410200001672, 42.84429599996656, 43.879167000064626, 44.51901300018653, 44.76510399999097, 43.748416000045836, 46.09069100022316, 44.49571799999103, 44.59289099997841], "size": 28, "branches": 3, "specs": 5, "components": 168, "median_time": 44.137942999834195, "time_siqr": 0.40734650002559647}, "test_0001_clear_global_notice_if_needed": {"time": [2.171747999964282, 2.156277999980375, 2.1786360000260174, 2.217574000125751, 2.2137100000400096, 2.114460999844596, 2.2042390001006424, 2.1677709999494255, 2.2339909998700023, 2.1774909999221563, 2.2707660000305623], "size": 22, "branches": 3, "specs": 3, "components": 169, "median_time": 2.1786360000260174, "time_siqr": 0.022941250063013285}, "test_0001_activate": {"time": [10.08511899993755, 9.799663000041619, 10.092067999998108, 10.172876000171527, 10.676656000083312, 10.20300899981521, 10.64684100006707, 10.699035000056028, 10.240907999919727, 10.288000999949872, 10.234059000154957], "size": 28, "branches": 2, "specs": 2, "components": 170, "median_time": 10.234059000154957, "time_siqr": 0.16747449996182695}}, "Diaspora": {"test_0001_user#confirm_email": {"time": [14.550231999950483, 15.28464199998416, 14.921390000032261, 14.384338000090793, 15.141503999941051, 15.261988000012934, 15.184266000054777, 14.576379999984056, 15.035883999895304, 15.340069000143558, 15.079460999928415], "size": 31, "branches": 3, "specs": 7, "components": 166, "median_time": 15.079460999928415, "time_siqr": 0.23712100001284853}, "test_0001_pod#schedule_check_if_needed": {"time": [2.4812670000828803, 2.559779000002891, 2.50906699988991, 2.5832250001840293, 2.5467240000143647, 2.576894000172615, 2.6503099999390543, 2.5348610000219196, 2.6193580001126975, 2.60838899994269, 2.512267999816686], "size": 19, "branches": 2, "specs": 3, "components": 161, "median_time": 2.559779000002891, "time_siqr": 0.03612125007202849}, "test_0001_user#process_invite_acceptence": {"time": [0.9510609998833388, 1.0226159999147058, 1.034031999995932, 1.0574090001173317, 0.9230090000201017, 1.000579999992624, 0.9678899999707937, 0.9357630000449717, 0.9962509998586029, 0.9816560000181198, 0.9463680000044405], "size": 12, "branches": 1, "specs": 1, "components": 165, "median_time": 0.9816560000181198, "time_siqr": 0.03144175000488758}}, "Gitlab": {"test_0001_discussion#build": {"time": [0.27918400010094047, 0.25746300001628697, 0.2775749999564141, 0.2653280000668019, 0.2601359998807311, 0.25662999995984137, 0.2734930000733584, 0.24999699997715652, 0.2684929999522865, 0.25102500012144446, 0.2442930000834167], "size": 18, "branches": 1, "specs": 1, "components": 167, "median_time": 0.2601359998807311, "time_siqr": 0.008582749986089766}, "test_0001_issue#reopen": {"time": [100.27132999990135, 106.72369299991988, 106.25831900001504], "size": 19, "branches": 1, "specs": 1, "components": 166}, "test_0001_user#disable_two_factor!": {"time": [1.6090919999405742, 1.5880210001487285, 1.6010859999805689, 1.5805449998006225, 1.5842830000910908, 1.5823580001015216, 1.609599000075832, 1.6385850000660866, 1.6334950001910329, 1.6000289998482913, 1.569203000050038], "size": 22, "branches": 1, "specs": 1, "components": 164, "median_time": 1.6000289998482913, "time_siqr": 0.013012499955948442}, "test_0001_issue#close": {"time": [2.0350590001326054, 1.9459299999289215, 2.005216999910772, 2.2187830000184476, 2.0333139998838305, 2.048653000034392, 2.1112069999799132, 2.0550700000021607, 2.155445999931544, 2.14087100001052, 2.026791000040248], "size": 15, "branches": 1, "specs": 1, "components": 166, "median_time": 2.048653000034392, "time_siqr": 0.04799325001658872}}}