{"Gitlab": {"test_0001_issue#close": {"time": [25.994133999804035], "size": 9, "branches": 1, "specs": 1, "components": 166, "median_time": 25.994133999804035, "time_siqr": 0.0}}, "Diaspora": {"test_0001_user#process_invite_acceptence": {"time": [0.8066939997952431], "size": 8, "branches": 1, "specs": 1, "components": 165, "median_time": 0.8066939997952431, "time_siqr": 0.0}}, "Discourse": {}, "Synthetic": {"test_0001_branching": {"time": [38.369645999977365], "size": 17, "branches": 2, "specs": 3, "components": 165, "median_time": 38.369645999977365, "time_siqr": 0.0}, "test_0001_fold branches": {"time": [218.50763800018467], "size": 13, "branches": 1, "specs": 3, "components": 164, "median_time": 218.50763800018467, "time_siqr": 0.0}, "test_0001_false": {"time": [1.3660320001654327], "size": 4, "branches": 1, "specs": 1, "components": 164, "median_time": 1.3660320001654327, "time_siqr": 0.0}, "test_0001_lvar": {"time": [1.356029000133276], "size": 4, "branches": 1, "specs": 1, "components": 164, "median_time": 1.356029000133276, "time_siqr": 0.0}, "test_0001_method chains": {"time": [9.561924000037834], "size": 10, "branches": 1, "specs": 2, "components": 164, "median_time": 9.561924000037834, "time_siqr": 0.0}, "test_0001_user exists": {"time": [9.51865700003691], "size": 9, "branches": 1, "specs": 2, "components": 164, "median_time": 9.51865700003691, "time_siqr": 0.0}}}