{"Synthetic": {"test_0001_fold branches": {"time": [84.06148999999277, 85.83293900010176, 89.29976899991743, 91.47947399993427, 90.80371200013906, 95.43054200010374, 87.65927099995315, 89.52295299991965, 85.89538499992341, 97.47745899995789, 86.70359000004828], "size": 13, "branches": 1, "specs": 3, "components": 164, "median_time": 89.29976899991743, "time_siqr": 2.42105275002541}, "test_0001_user exists": {"time": [1.0119880000129342, 1.0243410000111908, 0.9929200001060963, 1.0418279999867082, 1.004069000016898, 1.1515600001439452, 1.0081100000534207, 1.0768730000127107, 1.0220920001156628, 1.0528400000184774, 1.159007000271231], "size": 9, "branches": 1, "specs": 2, "components": 164, "median_time": 1.0243410000111908, "time_siqr": 0.027403749991208315}, "test_0001_false": {"time": [0.3514769999310374, 0.35921000014059246, 0.3977139999624342, 0.4192850000690669, 0.36897700000554323, 0.33476100000552833, 0.359635999891907, 0.3740090001374483, 0.37538000009953976, 0.35343499993905425, 0.35416499990969896], "size": 4, "branches": 1, "specs": 1, "components": 164, "median_time": 0.359635999891907, "time_siqr": 0.010447250097058713}, "test_0001_method chains": {"time": [0.9672400001436472, 1.0590699999593198, 1.1418040001299232, 1.0486099999397993, 1.1724980000872165, 1.1175140000414103, 1.0711250000167638, 1.1021229999605566, 1.0757709997706115, 1.0460439999587834, 1.042040000203997], "size": 10, "branches": 1, "specs": 2, "components": 164, "median_time": 1.0711250000167638, "time_siqr": 0.031245750025846064}, "test_0001_lvar": {"time": [0.3208729999605566, 0.3687120000831783, 0.3703960001002997, 0.36443600011989474, 0.34921799995936453, 0.3814789999742061, 0.37114699999801815, 0.3737279998604208, 0.38680100021883845, 0.3681379999034107, 0.368306000251323], "size": 4, "branches": 1, "specs": 1, "components": 164, "median_time": 0.3687120000831783, "time_siqr": 0.003075249958783388}, "test_0001_branching": {"time": [2.584917000029236, 2.6188860000111163, 2.637523999903351, 2.6376539999619126, 2.6349609999451786, 2.825726999901235, 2.7426549999509007, 2.8365909999702126, 2.6514129999559373, 2.671070999931544, 2.610166000202298], "size": 17, "branches": 2, "specs": 3, "components": 165, "median_time": 2.6376539999619126, "time_siqr": 0.03996974998153746}}, "Gitlab": {"test_0001_user#disable_two_factor!": {"time": [2.6639669998548925, 2.673837000038475, 2.656645999988541, 2.813899999950081, 2.80744899995625, 2.797707000048831, 2.9057849999517202, 2.8454809999093413, 2.7301089996472, 2.727502000052482, 2.7801820002496243], "size": 20, "branches": 1, "specs": 1, "components": 164, "median_time": 2.7801820002496243, "time_siqr": 0.05500249995384365}}, "Discourse": {"test_0001_clear_global_notice_if_needed": {"time": [5.746356000192463, 5.911685999948531, 5.938261999981478, 6.247969999909401, 5.972762999823317, 6.247838000068441, 5.939611000008881, 6.0431029999163, 5.965912000043318, 6.216803000308573, 5.925263999961317], "size": 24, "branches": 3, "specs": 3, "components": 169, "median_time": 5.965912000043318, "time_siqr": 0.09909500007051975}}, "Diaspora": {"test_0001_pod#schedule_check_if_needed": {"time": [2.6018970001023263, 2.728629999794066, 2.6834340000059456, 2.982996999984607, 2.5899829999543726, 2.663315000012517, 2.6963270001579076, 2.8789049999322742, 2.5443380000069737, 2.628791000228375, 2.6066910000517964], "size": 19, "branches": 2, "specs": 3, "components": 161, "median_time": 2.663315000012517, "time_siqr": 0.05409224994946271}}}