{"Gitlab": {"test_0001_issue#close": {"time": [0.12782400008291006], "size": 13, "branches": 1, "specs": 1, "components": 166, "median_time": 0.12782400008291006, "time_siqr": 0.0}, "test_0001_issue#reopen": {"time": [0.5536239999346435], "size": 14, "branches": 1, "specs": 1, "components": 166, "median_time": 0.5536239999346435, "time_siqr": 0.0}, "test_0001_user#disable_two_factor!": {"time": [0.4364199999254197], "size": 22, "branches": 1, "specs": 1, "components": 164, "median_time": 0.4364199999254197, "time_siqr": 0.0}}, "Synthetic": {"test_0001_lvar": {"time": [11.969111999962479], "size": 4, "branches": 1, "specs": 1, "components": 164, "median_time": 11.969111999962479, "time_siqr": 0.0}, "test_0001_false": {"time": [12.1917840000242], "size": 4, "branches": 1, "specs": 1, "components": 164, "median_time": 12.1917840000242, "time_siqr": 0.0}}, "Discourse": {}, "Diaspora": {}}